id,title,category,subcategory,description,short_description,tags,review_summary,review_keywords,rating_estimate,review_count_estimate,address,city,state,zip,latitude,longitude,website,phone,image,popularity_score,price_level,family_friendly,outdoor,seasonal_tags,SUNDAYhours,MONDAYhours,TUESDAYhours,WEDNESDAYhours,THURSDAYhours,FRIDAYhours,SATURDAYhours
mi_001,Mioposto,Restaurants,Pizza,"Italian restaurant specializing in wood‑fired pizzas, fresh house‑made pasta, seasonal salads, and brunch dishes in a cozy, neighborhood‑friendly atmosphere.",Italian restaurant specializing in wood-fired pizzas,"food,dining,pizza,brunch,seasonal,italian,pasta","High-end wood-fired pizza with a cozy, sophisticated atmosphere. Known for excellent service and consistency.","Wood-fired, cozy, upscale, pizza",4.6,1100,2601 76th Avenue Southeast,Mercer Island,Washington,98040,47.5869106,-122.2380441,https://www.miopostopizza.com/,(206) 232-1500,mioposto.jpg,,,,,seasonal,10:00am-9:00pm,11:30am-9:00pm,11:30am-9:00pm,11:30am-9:00pm,11:30am-9:00pm,11:30am-9:00pm,10:00am-9:00pm
mi_002,The Roanoke Inn,Restaurants,Sandwiches,"Historic tavern serving classic American pub fare including burgers, sandwiches, and craft beers, with a large outdoor patio and casual vibe.",Historic tavern serving classic American pub fare including burgers,"food,dining,sandwiches,outdoor-patio,craft-beer,american,burgers","A historic ""living room"" of the island. Beloved for its ""Wings of Fire,"" outdoor patio, and dive-bar charm.","Historic, wings, community, patio",4.4,1200,1825 72nd Ave Southeast,Mercer Island,Washington,98040,47.5939954,-122.2435641,http://www.roanokeinnmi.com/,(206) 232-0800,Roankoke.jpg,,,,true,,11:00am-10:00pm,3:00pm-10:00pm,11:00am-10:00pm,11:00am-12:00am,11:00am-12:00am,11:00am-12:00am,11:00am-12:00am
mi_003,Sushi Joa,Restaurants,Sushi,"Japanese and Korean fusion restaurant offering sushi rolls, sashimi, bibimbap, and traditional noodle dishes in a modern, minimalist setting.",Japanese and Korean fusion restaurant offering sushi rolls,"food,dining,sushi,japanese,korean","Praised for fresh salmon, generous bento boxes, and a welcoming family-owned feel.","Fresh, bento, authentic, sushi",4.4,400,2717 78th Avenue Southeast,Mercer Island,Washington,98040,47.5861481,-122.234064,sushijoa.com,(206) 535-6447,sushijoa.jpeg,,,,,,Closed,11:30am-8:30pm,11:30am-8:30pm,11:30am-8:30pm,11:30am-8:30pm,11:30am-9:00pm,11:30am-9:00pm
mi_004,Anise Thai Cuisine,Restaurants,Thai,"Authentic Thai restaurant featuring curries, stir‑fried noodles, fresh seafood, and vegetarian options, with a casual and welcoming dining environment.",Authentic Thai restaurant featuring curries,"food,dining,thai,vegetarian","A hidden gem for authentic regional dishes like Chiang Mai Noodles. Known for its quiet, serene vibe.","Authentic, serenity, Pad Thai, spicy",4.2,300,7691 Southeast 27th Street,Mercer Island,Washington,98040,47.586441,-122.2353367,anisethaicuisine.com,(206) 236-2255,anisethai.jpg,,,,,,12:00pm-9:00pm,11:00am-9:00pm,11:00am-9:00pm,11:00am-9:00pm,11:00am-9:00pm,11:00am-9:30pm,12:00pm-9:30pm
mi_005,Gourmet Teriyaki,Restaurants,Teriyaki,"Quick‑service Japanese restaurant serving teriyaki bowls, rice plates, and noodle dishes made with fresh ingredients for takeout or dine‑in.",Quick-service Japanese restaurant serving teriyaki bowls,"food,dining,teriyaki,takeout,japanese",Massive portions and fast service make this the island’s go-to for comfort food.,"Huge portions, fast, teriyaki, value",4.8,400,Southeast 27th Street,Mercer Island,Washington,98040,47.5864256,-122.2357946,https://ordergourmetteriyaki.com/,(206) 232-0580,gourmetteriyaki.jpg,,,,,,Closed,11:00am-7:00pm,11:00am-7:00pm,11:00am-7:00pm,11:00am-7:00pm,11:00am-7:00pm,11:00am-6:00pm
mi_006,Barrels Wine Bar,Restaurants,Wine Bar,"Wine bar and bistro offering an extensive wine list, craft cocktails, small plates, and charcuterie boards in a relaxed and intimate setting.",Wine bar and bistro offering an extensive wine list,"food,dining,wine-bar,wine,cocktails","Known for its incredible wine selection and warm, ""Cheers-like"" hospitality. Adult-only environment.","Wine flights, social, live music, cozy",4.8,200,7605 Southeast 27th Street,Mercer Island,Washington,98040,47.586572,-122.236897,https://barrelswinebar.com/,(206) 268-0588,barrels.jpg,,,,,,Closed,Closed,3:00pm-9:00pm,3:00pm-9:00pm,3:00pm-9:00pm,3:00pm-10:00pm,1:00pm-10:00pm
mi_007,Allister,Restaurants,Restaurant,"Contemporary restaurant offering brunch, craft cocktails, and American-inspired dishes made with seasonal ingredients, ideal for casual dining or special occasions.",Contemporary restaurant offering brunch,"food,dining,restaurant,brunch,seasonal,cocktails,american",Stylish decor and creative plating. A popular spot for celebratory dinners and high-end cocktails.,"Modern, cocktails, date night, halibut",4.3,100,Southeast 27th Street,Mercer Island,Washington,98040,47.5868713,-122.2360053,https://www.allister-mi.com/,(206) 552-0224,allister.jpg,,,,,seasonal,10:00am-9:00pm,11:30am-9:00pm,11:30am-9:00pm,11:30am-10:00pm,11:30am-10:00pm,11:30am-10:00pm,10:00am-10:00pm
mi_008,Crawlspace Gastropub,Restaurants,Gastropub,"Casual gastropub featuring elevated pub classics, local craft beers, and a rotating menu of seasonal small plates.",Casual gastropub featuring elevated pub classics,"food,dining,gastropub,seasonal,craft-beer","Fusion favorite with Hawaiian/Korean flair. Highly rated for its ""bulgogi burgers"" and friendly staff.","Fusion, sliders, craft drinks, fun",4.6,200,3041 78th Ave Southeast,Mercer Island,Washington,98040,47.5824022,-122.2346678,https://thecrawlspacegastropub.com/,(206) 257-1012,crawlspace.jpg,,,,,seasonal,11:00am-8:00pm,11:00am-9:00pm,11:00am-9:00pm,11:00am-9:00pm,11:00am-9:00pm,11:00am-9:00pm,11:00am-9:00pm
mi_009,Vivienne’s Bistro,Restaurants,Bistro,"Asian fusion-inspired bistro serving classic entrees and wines, emphasizing seasonal ingredients and a relaxed neighborhood feel.",Asian fusion-inspired bistro serving classic entrees and wines,"food,dining,bistro,seasonal,wine",Sophisticated European-inspired bistro. Excellent wine pairings and romantic ambiance.,"Elegant, wine, bistro, service",4.5,400,2441 76th Ave Southeast,Mercer Island,Washington,98040,47.5877167,-122.2381758,https://www.viviennesbistro.com/,(206) 466-6302,vivians.jpg,,,,,seasonal,5:00pm-9:00pm,Closed,11:30am-9:00pm,11:30am-9:00pm,11:30am-9:00pm,11:30am-9:30pm,12:00pm-9:30pm
mi_010,Sano Cafe,Restaurants,Sandwiches,"Café offering sandwiches, salads, breakfast items, and coffee drinks in a friendly and relaxed atmosphere.",Café offering sandwiches,"food,dining,sandwiches","The island’s healthy hub. Famous for acai bowls, energy balls, and gluten-free/vegan options.","Clean eating, acai, smoothies, fresh",4.6,200,7605 Southeast 27th Street,Mercer Island,Washington,98040,47.5865745,-122.2366848,https://www.sanocafe.com/,(206) 232-1533,sano.jpeg,,,,,,9:00am-3:00pm,8:00am-4:00pm,8:00am-4:00pm,8:00am-4:00pm,8:00am-4:00pm,8:00am-4:00pm,8:00am-3:00pm
mi_011,Island Pho & Teriyaki,Restaurants,Teriyaki,"Quick-service restaurant combining Vietnamese pho bowls with Japanese teriyaki plates for fast, fresh meals.",Quick-service restaurant combining Vietnamese pho bowls with Japanese teriyaki plates for fast,"food,dining,teriyaki,japanese,vietnamese","Family-owned and reliable. Customers highlight the flavorful broth and the ""homemade"" feel of the food.","Flavorful, pho, friendly, comfort",4.5,100,3033 78th Avenue Southeast,Mercer Island,Washington,98040,47.5825696,-122.2346907,https://www.islandphoteriyaki.com/,(206) 232-2326,islandpho.jpg,,,,,,11:00am-7:00pm,11:00am-8:00pm,11:00am-8:00pm,11:00am-8:00pm,11:00am-8:00pm,11:00am-8:00pm,11:00am-8:00pm
mi_012,Valhalla Sandwiches,Restaurants,Sandwiches,"Artisan sandwich shop serving hearty sandwiches, wraps, and salads made with high-quality meats and fresh bread.",Artisan sandwich shop serving hearty sandwiches,"food,dining,sandwiches","Consistently top-rated for creative, massive sandwiches. The ""Thanksgetting"" is a local legend.","Fast, hearty, sandwiches, legendary",4.5,100,2630 77th Ave Southeast,Mercer Island,Washington,98040,47.58684,-122.2345409,https://www.valhallasandwiches.com/,(206) 535-6126,valhalla.jpg,,,,,,Closed,9:00am-3:00pm,9:00am-3:00pm,9:00am-3:00pm,9:00am-3:00pm,9:00am-3:00pm,9:00am-3:00pm
mi_013,Just Poke,Restaurants,Poke,"Fast-casual poke restaurant specializing in customizable poke bowls with fresh fish, vegetables, and house sauces.",Fast-casual poke restaurant specializing in customizable poke bowls with fresh fish,"food,dining,poke","Fresh, customizable bowls. Praised for clean ingredients and quick turnaround for takeout.","Fresh, poke, customizable, healthy",4.1,50,2758 78th Ave Southeast,Mercer Island,Washington,98040,47.5860537,-122.2360488,https://justpoke.com/locations/mercerisland/,(206) 466-1057,justpoke.jpg,,,,,,11:00am-7:50pm,11:00am-7:50pm,11:00am-7:50pm,11:00am-7:50pm,11:00am-7:50pm,11:00am-7:50pm,11:00am-7:50pm
mi_014,Pagliacci Pizza,Restaurants,Pizza,Local pizza chain providing quick takeout and delivery of traditional and gourmet pizzas.,Local pizza chain providing quick takeout and delivery of traditional and gourmet pizzas.,"food,dining,pizza,takeout,delivery",Reliable neighborhood delivery and slice counter. The modern interior with a fireplace is a plus.,"Delivery, slices, reliable, fireplace",4.5,300,3077 78th Avenue Southeast,Mercer Island,Washington,98040,47.5819957,-122.2338837,https://www.pagliacci.com/locations/mercer-island,(206) 726-1717,pags.jpeg,,,,,,11:00am-10:00pm,11:00am-10:00pm,11:00am-10:00pm,11:00am-10:00pm,11:00am-10:00pm,11:00am-11:00pm,11:00am-11:00pm
mi_015,McDonald’s,Restaurants,Sandwiches,"International fast-food chain serving burgers, fries, breakfast items, chicken sandwiches, and beverages.",International fast-food chain serving burgers,"food,dining,sandwiches,burgers",Mixed reviews focusing on convenience and order accuracy vs. slower service during peak times.,"Fast, convenient, standard, fries, burgers",3.4,200,2807 78th Avenue Southeast,Mercer Island,Washington,98040,47.5853864,-122.2345236,https://www.mcdonalds.com/us/en-us/location/wa/mercer-island/2807-78th-st-se/11027.html,(206) 232-9175,macdonalds.jpg,,,,,,6:00am-11:00pm,6:00am-11:00pm,6:00am-11:00pm,6:00am-11:00pm,6:00am-11:00pm,6:00am-11:00pm,6:00am-11:00pm
mi_016,Subway,Restaurants,Sandwiches,"Sandwich chain offering customizable subs, wraps, and salads with fresh ingredients.",Sandwich chain offering customizable subs,"food,dining,sandwiches",A reliable stop for quick lunches; unique for offering gluten-free buns and a quiet atmosphere for a fast-food spot.,"Gluten-free, quick, quiet, customizable",3.6,200,7679 Southeast 27th Street,Mercer Island,Washington,98040,47.5864438,-122.2356083,https://restaurants.subway.com/united-states/wa/mercer-island/7679-se-27th,(206) 906-9344,subway.png,,,,,,9:00am-8:00pm,8:30am-8:00pm,8:30am-8:00pm,8:30am-8:00pm,8:30am-8:00pm,8:30am-8:00pm,9:00am-8:00pm
mi_017,Sahara Pizza,Restaurants,Pizza,Delivery and takeout pizza shop offering a variety of toppings and specialty pies.,Delivery and takeout pizza shop offering a variety of toppings and specialty pies.,"food,dining,pizza,takeout,delivery",Highly rated for its unique crust and generous toppings; known for very fast and friendly local delivery.,"Generous toppings, fast delivery, local favorite",4.7,200,8425 Southeast 68th Street,Mercer Island,Washington,98040,47.5417607,-122.2252689,https://saharapizza.com/locations/,(206) 232-9800,saharas.jpg,,,,,,11:00am-10:00pm,11:00am-10:00pm,11:00am-10:00pm,11:00am-10:00pm,11:00am-10:00pm,11:00am-11:00pm,11:00am-11:00pm
mi_018,Yuzen,Restaurants,Sushi,"Traditional Japanese restaurant specializing in authentic sushi, tempura, and bento boxes.",Traditional Japanese restaurant specializing in authentic sushi,"food,dining,sushi,japanese",Upscale yet cozy Japanese dining; renowned for high-quality omakase and fresh sushi specials.,"Authentic, omakase, fresh, cozy",4.6,100,8451 Southeast 68th Street,Mercer Island,Washington,98040,47.5408598,-122.2247076,https://www.yuzenjapanese.com/,(206) 275-3310,yuzen.jpg,,,,,,4:00pm-8:30pm,Closed,Closed,4:00pm-9:00pm,4:00pm-9:00pm,4:00pm-9:00pm,4:00pm-9:00pm
mi_019,Riviera Maya,Restaurants,Mexican,"Family-owned Mexican restaurant serving traditional platters, tacos, and margaritas.",Family-owned Mexican restaurant serving traditional platters,"food,dining,mexican","Festive family-style Mexican restaurant known for large murals, hearty portions, and a welcoming fireplace.","Festive, hearty, family-friendly, murals",4.4,300,8451 Southeast 68th Street,Mercer Island,Washington,98040,47.5408685,-122.2247412,https://www.rivieramayawa.com/,(206) 232-2326,riveira.jpg,,,,,,11:00am-9:00pm,11:00am-9:00pm,11:00am-9:00pm,11:00am-9:00pm,11:00am-9:00pm,11:00am-10:00pm,11:00am-10:00pm
mi_020,Hap’s Burgers & Taps,Restaurants,Burgers,"Casual burger joint serving high-quality patties, shakes, and local craft beers on tap.",Casual burger joint serving high-quality patties,"food,dining,burgers,craft-beer",Retro-style burger joint using grass-fed beef; highly praised for its organic ingredients and hand-spun shakes.,"Retro, grass-fed, organic, milkshakes",4.3,100,2411 76th Avenue Southeast,Mercer Island,Washington,98040,47.5885712,-122.238162,https://www.hapsburgers.com/,(206) 275-2200,haps.png,,,,,,10:30am-6:45pm,10:30am-7:45pm,10:30am-7:45pm,10:30am-7:45pm,10:30am-7:45pm,10:30am-7:45pm,10:30am-7:45pm
mi_021,Starbucks (North),Coffee / Cafes,Cafe,"Neighborhood Starbucks location with specialty coffee drinks, seasonal beverages, and a selection of baked goods.",Neighborhood Starbucks location with specialty coffee drinks,"coffee,cafe,seasonal",Efficient commuter hub near the highway; known for a fast drive-thru and consistent service during the morning rush.,"Fast, drive-thru, commuter, reliable",4.1,500,7620 Southeast 27th Street,Mercer Island,Washington,98040,47.5870485,-122.2370739,,,starbucksn.jpg,,,,,seasonal,5:00am-7:30pm,5:00am-7:30pm,5:00am-7:30pm,5:00am-7:30pm,5:00am-7:30pm,5:00am-7:30pm,5:30am-7:30pm
mi_022,Starbucks (South),Coffee / Cafes,Cafe,South-end Starbucks location providing consistent coffee service and a community meeting spot.,South-end Starbucks location providing consistent coffee service and a community meeting spot.,"coffee,cafe",A more relaxed neighborhood spot; praised for its friendly staff and being a quieter place to work or chat.,"Neighborhood, friendly, quiet, relaxed",4,50,8415 Southeast 68th Street,Mercer Island,Washington,98040,47.5416095,-122.2260661,,,starbuckss.jpg,,,,,,5:30am-6:00pm,5:00am-6:00pm,5:00am-6:00pm,5:00am-6:00pm,5:00am-6:00pm,5:00am-6:00pm,5:30am-6:00pm
mi_023,Einstein Bros. Bagels,Coffee / Cafes,Sandwiches,"Bagel café serving a variety of freshly baked bagels, breakfast sandwiches, coffee drinks, and spreads.",Bagel café serving a variety of freshly baked bagels,"coffee,cafe,sandwiches,bagels",Popular breakfast destination; praised for fresh bagels but occasionally noted for long lines on weekend mornings.,"Fresh bagels, breakfast, busy, convenient",3.8,300,7808 Southeast 28th Street,Mercer Island,Washington,98040,47.5856123,-122.2329413,,(206) 232-8539,einstein.jpeg,,,,,,7:00am-2:00pm,6:00am-2:00pm,6:00am-2:00pm,6:00am-2:00pm,6:00am-2:00pm,6:00am-2:00pm,7:00am-2:00pm
mi_024,L’Experience Paris,Coffee / Cafes,Cafe,"French café offering authentic pastries, croissants, espresso drinks, and light breakfast and lunch items.",French café offering authentic pastries,"coffee,cafe,espresso,pastries,french","Authentic French bakery and wine bar; famous for its kouign-amann and chic, modern Parisian atmosphere.","French, chic, authentic, pastries",4.5,400,3020 78th Avenue Southeast,Mercer Island,Washington,98040,47.5832528,-122.2327738,https://lexperienceparis.com/,(206) 535-8128,l’experience.jpeg,,,,,,8:00am-4:00pm,7:00am-4:00pm,7:00am-4:00pm,7:00am-4:00pm,7:00am-4:00pm,7:00am-6:00pm,8:00am-4:00pm
mi_025,La Fête Pâtisserie Française,Coffee / Cafes,Cafe,"Boutique French bakery café serving pastries, cakes, quiches, and espresso drinks.",Boutique French bakery café serving pastries,"coffee,cafe,espresso,pastries,french",Boutique artisan bakery; reviewers rave about the 'freakishly symmetrical' croissants and sophisticated decor.,"Artisan, elegant, croissants, sophisticated",4.7,300,7605 Southeast 27th Street,Mercer Island,Washington,98040,47.586577,-122.2366098,https://www.lafettemi.com/,(206) 232-2005,lefette.jpg,,,,,,7:00am-3:00pm,7:00am-3:00pm,7:00am-3:00pm,7:00am-3:00pm,7:00am-3:00pm,7:00am-3:00pm,7:00am-3:00pm
mi_026,HUB Boba & Creamery,Coffee / Cafes,Boba,"Popular spot for bubble tea, fruit teas, and premium ice cream flavors.","Popular spot for bubble tea, fruit teas, and premium ice cream flavors.","coffee,cafe,boba,ice-cream,tea",A family favorite for treats; praised for high-quality boba pearls and a rotating selection of unique ice cream.,"Boba, ice cream, family-friendly, treats",4.6,50,2900 78th Ave Southeast,Mercer Island,Washington,98040,47.584367,-122.2334739,https://www.hubboba.com/,(206) 466-2679,hub.jpg,,,,,,12:00pm-8:00pm,12:00pm-8:00pm,12:00pm-8:00pm,12:00pm-8:00pm,12:00pm-8:00pm,12:00pm-9:00pm,12:00pm-9:00pm
mi_027,Miriam’s Bakeshop,Bakeries / Desserts,Bakery,"Local bakery specializing in traditional Jewish and Italian baked goods, breads, and pastries.",Local bakery specializing in traditional Jewish and Italian baked goods,"bakery,dessert,pastries,italian,pizza,pasta","A local treasure for old-world Jewish and Italian baking; loved for its nostalgic, 'made-from-scratch' quality.","Nostalgic, traditional, handmade, specialty",4.9,50,2711 76th Ave Southeast,Mercer Island,Washington,98040,47.5863631,-122.2380702,,(206) 465-4122,miriams.jpg,,,,,,Pop-up Only,Closed,Closed,Closed,By Appt,9:00am-1:00pm,Closed
mi_028,Macrina Bakery,Bakeries / Desserts,Sandwiches,"Artisan bakery serving fresh breads, pastries, cakes, and café-style sandwiches and coffee.",Artisan bakery serving fresh breads,"bakery,dessert,sandwiches,pastries",Highly regarded for artisan breads and sandwiches; noted for its strong community feel and quality ingredients.,"Artisan bread, quality, community, sandwiches",4.4,200,3051 78th Avenue Southeast,Mercer Island,Washington,98040,47.5820839,-122.2347012,https://macrinabakery.com/,(206) 232-3531,macrina.jpg,,,,,,7:00am-6:00pm,7:00am-6:00pm,7:00am-6:00pm,7:00am-6:00pm,7:00am-6:00pm,7:00am-6:00pm,7:00am-6:00pm
mi_029,Oh! Chocolate,Bakeries / Desserts,Chocolate,"Specialty chocolate shop offering handmade truffles, chocolate bars, and gift boxes.",Specialty chocolate shop offering handmade truffles,"bakery,dessert,chocolate",Third-generation family chocolatier; known for exquisite handmade truffles and beautiful gift packaging.,"Exquisite, truffles, giftable, handmade",4.8,100,8451 Southeast 68th Street,Mercer Island,Washington,98040,47.5408305,-122.2245266,https://ohchocolate.com/,(206) 232-4974,oh!.jpg,,,,,,Closed,Closed,11:00am-5:00pm,11:00am-5:00pm,11:00am-5:00pm,11:00am-5:00pm,11:00am-5:00pm
mi_030,QFC (North Mercer Island),Grocery Stores,Grocery,"Regional grocery store providing fresh and packaged foods, prepared meals, and pharmacy services.",Regional grocery store providing fresh and packaged foods,"grocery,pharmacy",Well-stocked grocery anchor; praised for its fresh sushi station and being a reliable late-night resource.,"Stocked, reliable, late-night, fresh sushi",4,500,7823 Southeast 28th Street,Mercer Island,Washington,98040,47.5849609,-122.2328401,,,qfcn.jpg,,,,,,5:00am-1:00am,5:00am-1:00am,5:00am-1:00am,5:00am-1:00am,5:00am-1:00am,5:00am-1:00am,5:00am-1:00am
mi_031,QFC (South Mercer Island),Grocery Stores,Grocery,"Regional grocery store providing fresh and packaged foods, prepared meals, and convenient shopping options.",Regional grocery store providing fresh and packaged foods,grocery,Known as the community-centric branch; praised for the Top Pot Doughnut counter and helpful long-term staff.,"Community, Top Pot, friendly, grocery",4.3,200,8421 Southeast 68th Street,Mercer Island,Washington,98040,47.5410035,-122.2261208,,,,,,,,,5:00am-1:00am,5:00am-1:00am,5:00am-1:00am,5:00am-1:00am,5:00am-1:00am,5:00am-1:00am,5:00am-1:00am
mi_032,Metropolitan Market,Grocery Stores,Grocery,"Upscale grocery store offering high-quality prepared foods, artisan baked goods, and specialty products.",Upscale grocery store offering high-quality prepared foods,grocery,Premium grocery experience; famous for 'The Cookie' and high-quality prepared foods and floral department.,"The Cookie, premium, prepared foods, gourmet",4.3,400,2755 77th Avenue Southeast,Mercer Island,Washington,98040,47.5852667,-122.2358743,https://metropolitan-market.com/locations/mercer-island/,,,,,,,,6:00am-11:00pm,6:00am-11:00pm,6:00am-11:00pm,6:00am-11:00pm,6:00am-11:00pm,6:00am-11:00pm,6:00am-11:00pm
mi_033,Island Books,Retail,Bookstore,"Independent bookstore offering a curated selection of books, gifts, and stationery.",Independent bookstore offering a curated selection of books,"shopping,retail,bookstore,books,gifts","An Island institution; praised for a warm atmosphere, knowledgeable staff, and a fantastic selection for kids.","Institution, cozy, knowledgeable, bookstore",4.8,300,3014 78th Avenue Southeast,Mercer Island,Washington,98040,47.5835057,-122.2327555,https://www.mercerislandbooks.com/,,,,,,,,10:00am-5:00pm,9:00am-6:00pm,9:00am-6:00pm,9:00am-6:00pm,9:00am-6:00pm,9:00am-6:00pm,9:00am-6:00pm
mi_034,Mud Bay,Retail,Pet Supplies,"Pet supply store specializing in natural pet foods, toys, and grooming products.","Pet supply store specializing in natural pet foods, toys, and grooming products.","shopping,retail,pet-supplies,pet,pets",Clean and well-organized; staff are highly educated on pet nutrition and proactive in helping solve pet issues.,"Pet health, clean, knowledgeable, local",4.7,100,2441 76th Ave Southeast,Mercer Island,Washington,98040,47.5881393,-122.2380261,https://www.mudbay.com/,,,,,,,,10:00am-7:00pm,11:00am-7:00pm,11:00am-7:00pm,11:00am-7:00pm,11:00am-7:00pm,11:00am-7:00pm,10:00am-7:00pm
mi_035,All The Best Pet Care,Retail,Pet Supplies,"Local pet retailer offering holistic food, treats, and supplies for dogs and cats.",Local pet retailer offering holistic food,"shopping,retail,pet-supplies,pet,pets",Exceptional customer service; beloved for single-ingredient treats and a genuine investment in local pet wellness.,"Premium, natural, helpful, single-ingredient",4.5,50,3037 78th Avenue Southeast,Mercer Island,Washington,98040,47.5825003,-122.2346883,https://shop.allthebestpetcare.com/mercer-island/,,,,,,,,10:00am-7:00pm,9:30am-7:30pm,9:30am-7:30pm,9:30am-7:30pm,9:30am-7:30pm,9:30am-7:30pm,9:30am-7:30pm
mi_036,Clarke & Clarke Art + Artifacts,Retail,Retail,Home décor and art store featuring unique home goods and decorative pieces.,Home décor and art store featuring unique home goods and decorative pieces.,"shopping,retail","Sophisticated gallery showcasing Northwest artists and global artifacts; praised for its curated, unique selection.","Gallery, artifacts, sophisticated, unique",4.5,25,7605 Southeast 27th Street,Mercer Island,Washington,98040,47.5865741,-122.2370829,,,,,,,,,Closed,Closed,11:00am-5:00pm,11:00am-5:00pm,11:00am-5:00pm,11:00am-5:00pm,11:00am-5:00pm
mi_037,Terra Bella,Retail,Retail,"Gift shop selling home décor, artisanal products, and seasonal gifts in a boutique environment.",Gift shop selling home décor,"shopping,retail,seasonal,gifts",Charming boutique for home decor and gifts; noted for beautiful displays and being a great spot for local gifts.,"Giftable, home decor, charming, local",4.4,25,3028 78th Avenue Southeast,Mercer Island,Washington,98040,47.5829756,-122.232765,https://terrabellagifts.com/,,,,,,,seasonal,10:00am-5:00pm,10:00am-6:00pm,10:00am-6:00pm,10:00am-6:00pm,10:00am-6:00pm,10:00am-6:00pm,10:00am-6:00pm
mi_038,Mercer Island Florist,Retail,Florist,"Flower shop providing fresh bouquets, floral arrangements, and event floral design.",Flower shop providing fresh bouquets,"shopping,retail,florist,flowers",Renowned for 'wow-factor' arrangements and excellent delivery service; highly reliable for last-minute sympathy or celebration orders.,"Exquisite, reliable, floral, chic",4.7,100,3006 78th Avenue Southeast,Mercer Island,Washington,98040,47.5833716,-122.2334245,https://www.mercerislandflorist.com/,,,,,,,,Closed,9:00am-5:30pm,9:00am-5:30pm,9:00am-5:30pm,9:00am-5:30pm,9:00am-5:30pm,9:00am-4:00pm
mi_039,Mercer Jewelers,Retail,Jewelry,"Family-owned jewelry store selling fine jewelry, watches, and providing repair services.",Family-owned jewelry store selling fine jewelry,"shopping,retail,jewelry",Family-owned with a focus on high-quality repair and custom design; praised for being honest and community-oriented.,"Custom design, honest, jewelry repair, family-owned",,,8425 Southeast 68th Street,Mercer Island,Washington,98040,47.5417203,-122.2254268,,,,,,,,,Closed,Closed,10:00am-5:00pm,10:00am-5:00pm,10:00am-5:00pm,10:00am-5:00pm,9:00am-4:00pm
mi_040,Mercer Island Eyeworks,Retail,Optical,"Optical shop offering prescription glasses, sunglasses, and eye exams.","Optical shop offering prescription glasses, sunglasses, and eye exams.","shopping,retail,optical,glasses",Highly professional staff; known for a great selection of high-end frames and very thorough eye examinations.,"Professional, high-end frames, thorough, eye care",5,500,7800 Southeast 27th Street,Mercer Island,Washington,98040,47.5868482,-122.2331723,,,,,,,,,Closed,9:30am-7:00pm,9:30am-7:00pm,9:30am-5:30pm,10:00am-6:00pm,9:00am-5:30pm,9:00am-3:00pm
mi_041,True Value Hardware,Retail,Hardware,"Hardware store providing tools, home improvement supplies, and paint products.","Hardware store providing tools, home improvement supplies, and paint products.","shopping,retail,hardware,paint",Quintessential neighborhood hardware store; staff are frequently cited for being extremely helpful with DIY advice.,"Helpful staff, DIY, neighborhood, hardware",4.3,100,7707 Southeast 27th Street,Mercer Island,Washington,98040,47.586066,-122.2346554,,,,,,,,,10:00am-5:00pm,8:00am-6:00pm,8:00am-6:00pm,8:00am-6:00pm,8:00am-6:00pm,8:00am-6:00pm,9:00am-6:00pm
mi_042,Walgreens,Retail,Pharmacy,"National pharmacy and convenience retailer offering medicine, snacks, and household essentials.",National pharmacy and convenience retailer offering medicine,"shopping,retail,pharmacy",Convenient location but reviews often note long pharmacy wait times during peak hours and varying stock levels.,"Convenient, pharmacy, accessible, central",1.5,200,Southeast 27th Street,Mercer Island,Washington,98040,47.5862332,-122.2343338,,,,,,,,,7:00am-10:00pm,7:00am-10:00pm,7:00am-10:00pm,7:00am-10:00pm,7:00am-10:00pm,7:00am-10:00pm,7:00am-10:00pm
mi_043,Hip Zephyr,Retail,Women's Health,"Contemporary women’s boutique featuring clothing, accessories, and curated lifestyle goods.",Contemporary women’s boutique featuring clothing,"shopping,retail,women-s-health","Trendy boutique with a personal touch; the owner Dana is praised for helping customers build versatile, high-quality outfits.","Trendy, personalized, versatile, boutique",4.8,100,2727 78th Avenue Southeast,Mercer Island,Washington,98040,47.5860126,-122.2340587,https://hipzephyr.com/,,,,,,,,Closed,12:00pm-5:00pm,12:00pm-5:00pm,12:00pm-5:00pm,12:00pm-5:00pm,12:00pm-5:00pm,12:00pm-5:00pm
mi_044,MIVAL Art Gallery,Retail,Art Gallery,Local art gallery featuring rotating exhibits and sales of work by community artists.,Local art gallery featuring rotating exhibits and sales of work by community artists.,"shopping,retail,art-gallery",Artist-run cooperative showing diverse local talent; appreciated for its rotating exhibits and support of Island artists.,"Local artists, cooperative, community art, gallery",4.4,50,2836 78th Ave Southeast,Mercer Island,Washington,98040,47.5845115,-122.2334672,,,,,,,,,12:00pm-4:00pm,Closed,Closed,12:00pm-6:00pm,12:00pm-6:00pm,12:00pm-6:00pm,12:00pm-6:00pm
mi_045,Auto Spa,Retail,Car Wash,Professional car wash and detailing center providing interior and exterior vehicle care.,Professional car wash and detailing center providing interior and exterior vehicle care.,"shopping,retail,car-wash,detailing",Reliable car wash with 24/7 self-serve bays; praised for the high-quality automatic wash and green energy practices.,"Car wash, 24/7, self-serve, green energy",3.9,100,2730 80th Avenue Southeast,Mercer Island,Washington,98040,47.5858331,-122.2313812,,,,,,,,,8:00am-6:00pm,8:00am-7:00pm,8:00am-7:00pm,8:00am-7:00pm,8:00am-7:00pm,8:00am-7:00pm,8:00am-7:00pm
mi_046,Amadi Aesthetics,Retail,Med Spa,Medical spa and boutique offering professional skincare treatments and products.,Medical spa and boutique offering professional skincare treatments and products.,"shopping,retail,med-spa,skincare","Highly specialized oculoplastic surgery clinic; patients rave about 'subtle but life-changing' results and the professional, high-end environment.","Subtle results, professional, high-end, thorough",4.9,100,7800 Southeast 27th Street,Mercer Island,Washington,98040,47.586968,-122.2334582,https://amadidermatology.com/,,,,,,,,Closed,7:00am-3:00pm,7:00am-3:00pm,7:00am-3:00pm,7:00am-3:00pm,7:00am-3:00pm,Closed
mi_047,Barrels Wine Bar,Retail,Wine & Spirits,"Specialty retailer focusing on unique wines, craft spirits, and local labels.","Specialty retailer focusing on unique wines, craft spirits, and local labels.","shopping,retail,wine-spirits,wine",Versatile training facility housing kickboxing and HIIT; known for welcoming instructors who help beginners feel at ease while providing a great workout.,"Welcoming, beginner-friendly, high energy, technical",4.8,100,7605 Southeast 27th Street,Mercer Island,Washington,98040,47.5866035,-122.2368506,,,,,,,,,Closed,Closed,3:00pm-9:00pm,3:00pm-9:00pm,3:00pm-9:00pm,3:00pm-10:00pm,1:00pm-10:00pm
mi_048,MIFIT,Health / Fitness,CrossFit,"Gym providing CrossFit classes, strength and conditioning, and personal training.",Gym providing CrossFit classes,"fitness,wellness,crossfit,personal-training",Focused boutique studio; praised for staff who are 'helpful and kind' and an introductory class that is perfect for those new to the practice.,"Kind staff, slow-paced intro, supportive, boutique",5,25,8451 Southeast 68th Street,Mercer Island,Washington,98040,47.5408807,-122.2248035,https://www.mifitmi.com/,,,,,,,,7:00am-12:00pm,7:00am-7:00pm,7:00am-7:00pm,7:00am-7:00pm,7:00am-7:00pm,7:00am-7:00pm,7:00am-7:00pm
mi_049,Mercer Island Pilates,Health / Fitness,Pilates,"Pilates studio focused on core strength, posture, and private or group sessions.","Pilates studio focused on core strength, posture, and private or group sessions.","fitness,wellness,pilates",High-intensity group workouts; members frequently mention the motivating coaches and the challenging but rewarding 'Orange 60' sessions.,"Motivating, intense, structured, group fitness",4.7,50,303 80th Avenue Southeast,Mercer Island,Washington,98040,47.583411,-122.232075,,,,,,,,,11:00am-5:00pm,7:00am-8:00pm,7:00am-8:00pm,7:00am-8:00pm,7:00am-8:00pm,7:00am-8:00pm,9:00am-5:00pm
mi_050,Orangetheory Fitness,Health / Fitness,Fitness,Fitness center offering high-intensity interval training classes.,Fitness center offering high-intensity interval training classes.,"fitness,wellness","Highly specialized facility for golfers; lauded for helping players increase clubhead speed and mobility through personalized, data-driven programs.","Personalized, data-driven, golf-specific, mobility",4.9,200,2601 76th Avenue Southeast,Mercer Island,Washington,98040,47.5871886,-122.2379813,,,,,,,,,7:00am-1:00pm,5:00am-8:00pm,5:00am-8:00pm,5:00am-8:00pm,5:00am-8:00pm,5:00am-8:00pm,7:00am-1:00pm
mi_051,Seattle Golf Fitness,Health / Fitness,Golf Fitness,Fitness facility specializing in golf-specific strength and conditioning programs.,Fitness facility specializing in golf-specific strength and conditioning programs.,"fitness,wellness,golf-fitness",One-on-one assisted stretching; clients appreciate the specialized 'flexologists' who help with recovery and increasing general flexibility.,"Recovery, flexible, professional, one-on-one",5,50,2448 76th Avenue Southeast,Mercer Island,Washington,98040,47.5877986,-122.2373851,,,,,,,,,Closed,7:00am-7:00pm,7:00am-7:00pm,7:00am-7:00pm,7:00am-7:00pm,7:00am-7:00pm,8:00am-12:00pm
mi_052,StretchLab,Health / Fitness,Stretching,"Assisted stretching studio focusing on flexibility, injury prevention, and mobility training.",Assisted stretching studio focusing on flexibility,"fitness,wellness,stretching,mobility","Expansive yoga studio with six diverse class types; highly rated for its 'Y6 Signature Hot' classes and its modern, welcoming vibe.","Diverse classes, hot yoga, modern, massive community",5,200,2558 76th Ave Southeast,Mercer Island,Washington,98040,47.5875026,-122.2374266,https://www.stretchlab.com/location/mercer-island,,,,,,,,8:00am-2:00pm,8:00am-7:00pm,8:00am-7:00pm,8:00am-7:00pm,8:00am-7:00pm,8:00am-7:00pm,8:00am-2:00pm
mi_053,YogaSix,Health / Fitness,Yoga,Modern yoga studio offering a variety of sensory-driven yoga and fitness classes.,Modern yoga studio offering a variety of sensory-driven yoga and fitness classes.,"fitness,wellness,yoga","Popular reformer-based studio; while the instructors and equipment are praised, some reviews mention difficulty with the booking system and strict policies.","Reformer-based, equipment-focused, busy, structured",4.9,300,2601 76th Avenue Southeast,Mercer Island,Washington,98040,47.5870495,-122.2379852,https://www.yogasix.com/location/mercer-island,,,,,,,,7:00am-6:00pm,6:00am-8:00pm,6:00am-8:00pm,6:00am-8:00pm,6:00am-8:00pm,6:00am-8:00pm,7:00am-1:00pm
mi_054,Club Pilates,Health / Fitness,Pilates,"Reformer-based Pilates studio providing low-impact, full-body workouts.","Reformer-based Pilates studio providing low-impact, full-body workouts.","fitness,wellness,pilates,reformer",Long-standing community pillar; renowned for its positive environment that focuses on personal development and growth for students of all ages.,"Positive environment, community-focused, personal growth, skilled staff",4.7,150,2601 76th Avenue Southeast,Mercer Island,Washington,98040,47.5871251,-122.2379872,https://www.clubpilates.com/location/mercerisland,,,,,,,,8:30am-12:30pm,8:30am-7:00pm,9:00am-7:00pm,8:30am-7:00pm,9:00am-7:00pm,8:30am-6:30pm,8:30am-12:15pm
mi_055,Mercer Island Martial Arts,Health / Fitness,Martial Arts,Dojo providing karate and self-defense training for children and adults.,Dojo providing karate and self-defense training for children and adults.,"fitness,wellness,martial-arts,children,self-defense","An intimate, high-energy school; sensei is praised for being 'strict but fair' and creating a family-like atmosphere where kids love to learn.","Family-feel, high-energy, discipline, fun",4.9,100,77th Avenue Southeast,Mercer Island,Washington,98040,47.5870928,-122.2348318,,,,,,true,,,Closed,9:00am-8:30pm,9:00am-8:30pm,9:00am-8:30pm,9:00am-8:30pm,9:00am-8:30pm,8:00am-3:00pm
mi_056,Zen Dragon Martial Arts,Health / Fitness,Martial Arts,Martial arts school focused on taekwondo and character development.,Martial arts school focused on taekwondo and character development.,"fitness,wellness,martial-arts",Evidence-based chiropractic care; patients love the team's focus on patient education and corrective exercises that keep them healthy long-term.,"Evidence-based, patient education, rehab, knowledgeable",5,50,7858 Southeast 28th Street,Mercer Island,Washington,98040,47.5856414,-122.2326202,,,,,,,,,Closed,12:00pm-9:00pm,12:00pm-9:00pm,12:00pm-9:00pm,1:00pm-9:00pm,3:00pm-9:00pm,9:00am-3:00pm
mi_057,Helix Sport & Spine,Health / Fitness,Chiropractic,Integrated health clinic providing chiropractic care and sports therapy.,Integrated health clinic providing chiropractic care and sports therapy.,"fitness,wellness,chiropractic","Specialized scalp and hair health destination; praised for providing 'real relief' from stress and scalp concerns in a relaxing, luxury setting.","Relaxing, scalp health, relief, luxurious",5,100,2630 77th Ave Southeast,Mercer Island,Washington,98040,47.5871933,-122.2349958,,,,,,,,,Closed,1:00pm-6:00pm,7:30am-6:00pm,7:30am-1:00pm,1:00pm-6:00pm,7:30am-1:00pm,Closed
mi_058,Mercer Island Head Spa,Health / Fitness,Spa,Wellness center focused on specialized scalp treatments and relaxation.,Wellness center focused on specialized scalp treatments and relaxation.,"fitness,wellness,spa,relaxation","Full-service salon and barbershop; highly regarded for its talented stylists, relaxing scalp massages, and use of eco-conscious products.","Talented, eco-conscious, relaxing, consultative",5,100,7650 Southeast 27th Street,Mercer Island,Washington,98040,47.5873397,-122.2353502,,,,,,,,,10:00am-4:00pm,Closed,10:00am-7:00pm,10:00am-7:00pm,10:00am-7:00pm,10:00am-7:00pm,10:00am-7:00pm
mi_059,Au Courant Salon,Health / Fitness,Salon,"Full-service hair salon offering professional cutting, coloring, and styling.","Full-service hair salon offering professional cutting, coloring, and styling.","fitness,wellness,salon","Quiet and detail-oriented nail boutique; known for its cleanliness, long-lasting gel manicures, and a peaceful, no-rush atmosphere.","Clean, detailed, long-lasting, peaceful",4.7,50,7900 Southeast 28th Street,Mercer Island,Washington,98040,47.5857991,-122.2321843,https://aucourantsalon.com/,,,,,,,,Closed,Closed,9:00am-7:00pm,9:00am-7:00pm,9:00am-7:00pm,9:00am-6:00pm,9:00am-5:00pm
mi_060,The DEN,Health / Fitness,Salon,Modern men’s grooming salon specializing in haircuts and traditional shaves.,Modern men’s grooming salon specializing in haircuts and traditional shaves.,"fitness,wellness,salon,haircuts",Compassionate animal care center; praised for thorough exams and a staff that treats every pet with a high degree of patience and kindness.,"Compassionate, thorough, patient, professional",4.7,50,7900 Southeast 28th Street,Mercer Island,Washington,98040,47.5857991,-122.2321843,,,,,,,,,Closed,Closed,9:00am-7:00pm,9:00am-7:00pm,9:00am-7:00pm,9:00am-6:00pm,9:00am-5:00pm
mi_061,Koko Nail Studio,Health / Fitness,Salon,Boutique nail salon focusing on high-end manicures and creative nail art.,Boutique nail salon focusing on high-end manicures and creative nail art.,"fitness,wellness,salon,manicures",A quiet and professional boutique known for its clean environment and long-lasting gel manicures.,"Clean, detailed, long-lasting, peaceful",4.8,100,7650 Southeast 27th Street,Mercer Island,Washington,98040,47.5874676,-122.2354114,,,,,,,,,Closed,9:30am-6:30pm,9:30am-6:30pm,9:30am-6:30pm,9:30am-6:30pm,9:30am-6:30pm,9:30am-6:00pm
mi_062,Mercer Island Veterinary Clinic,,,,,,"Highly recommended for their compassionate 'fear-free' approach and thorough, top-notch pet care.","Compassionate, thorough, fear-free, professional",4.8,100,2448 76th Ave Southeast,Mercer Island,Washington,98040,47.5877841,-122.2369276,,,,,,,,,Closed,7:30am-6:00pm,7:30am-6:00pm,7:30am-6:00pm,7:30am-6:00pm,7:30am-6:00pm,8:00am-12:00pm
mi_063,Great Clips,Health / Fitness,Salon,"Hair salon offering quick, affordable haircuts for the whole family.","Hair salon offering quick, affordable haircuts for the whole family.","fitness,wellness,salon,haircuts","Convenient for quick and simple cuts, though service quality is noted to vary significantly by stylist.","Convenient, quick, affordable, variable",4.3,300,7808 Southeast 28th Street,Mercer Island,Washington,98040,47.5856186,-122.2332677,,,,,,true,,,9:00am-6:00pm,9:00am-7:00pm,9:00am-7:00pm,9:00am-7:00pm,9:00am-7:00pm,9:00am-7:00pm,9:00am-6:00pm
mi_064,Island Salon & Spa,Health / Fitness,Spa,"Full-service salon offering haircuts, coloring, facials, and massages.","Full-service salon offering haircuts, coloring, facials, and massages.","fitness,wellness,spa,haircuts,massage","A local sanctuary known for its experienced independent stylists and a positive, professional atmosphere.","Professional, relaxing, experienced, sanctuary",4.5,100,7810 Southeast 30th Street,Mercer Island,Washington,98040,47.58385,-122.232823,,,,,,,,,11:00am-6:00pm,9:30am-7:00pm,9:30am-7:00pm,9:30am-7:00pm,9:30am-7:00pm,9:30am-7:00pm,9:30am-7:00pm
mi_065,Rite Aid,Medical / Health Services,Pharmacy,"Pharmacy providing prescription medications, wellness items, and basic health consultations.",Pharmacy providing prescription medications,"medical,healthcare,pharmacy,wellness-items","A 24-hour resource for essentials and prescriptions; however, users frequently mention long pharmacy lines.","24-hour, accessible, pharmacy, central",3.2,200,3023 78th Avenue Southeast,Mercer Island,Washington,98040,47.5826234,-122.2343093,,,,,,,,,10:00am-6:00pm,9:00am-9:00pm,9:00am-9:00pm,9:00am-9:00pm,9:00am-9:00pm,9:00am-9:00pm,9:00am-6:00pm
mi_066,Island Animal Hospital,Medical / Health Services,Pet Supplies,"Full-service veterinary clinic offering pet wellness exams, surgery, and emergency care.",Full-service veterinary clinic offering pet wellness exams,"medical,healthcare,pet-supplies,pet,surgery,pets,veterinary",Praised for deeply collaborative care and a staff that is exceptionally empathetic during difficult times.,"Empathetic, collaborative, thorough, caring",4.6,100,7803 Southeast 27th Street,Mercer Island,Washington,98040,47.5864805,-122.2333208,,,,,,,,,Closed,8:00am-6:00pm,8:00am-6:00pm,8:00am-6:00pm,8:00am-6:00pm,8:00am-6:00pm,Closed
mi_067,Island Cats Veterinary Hospital,Medical / Health Services,Veterinary,Specialized veterinary clinic focused exclusively on feline health and care.,Specialized veterinary clinic focused exclusively on feline health and care.,"medical,healthcare,veterinary","A specialized feline-only practice; beloved for its calm, quiet, and gold-certified cat-friendly environment.","Cat-only, low-stress, quiet, expert",4.9,300,3024 78th Avenue Southeast,Mercer Island,Washington,98040,47.5830998,-122.2327797,,,,,,,,,Closed,8:00am-6:00pm,8:00am-6:00pm,8:00am-6:00pm,8:00am-6:00pm,8:00am-6:00pm,Closed
mi_068,MercyVet,Medical / Health Services,Pet Supplies,Holistic veterinary clinic offering traditional and alternative treatments for pets.,Holistic veterinary clinic offering traditional and alternative treatments for pets.,"medical,healthcare,pet-supplies,pet,pets,veterinary","Ranked highly for its balanced holistic and western medicine approach; known for practical, compassionate care.","Holistic, compassionate, natural, priority",4.8,100,2630 77th Avenue Southeast,Mercer Island,Washington,98040,47.5868537,-122.2341608,,,,,,,,,Closed,9:00am-5:00pm,9:00am-5:00pm,9:00am-5:00pm,9:00am-5:00pm,9:00am-5:00pm,Closed
mi_069,Mercer Island Dental Associates,Medical / Health Services,Dental,"Dental clinic offering general, cosmetic, and preventive dental care.","Dental clinic offering general, cosmetic, and preventive dental care.","medical,healthcare,dental,cosmetic",Sets a 'gold standard' for precision and kindness; noted for helping patients with high dental anxiety.,"Precision, kind, welcoming, anxiety-friendly",4.8,100,3236 78th Ave Southeast,Mercer Island,Washington,98040,47.5807272,-122.2332261,,,,,,,,,Closed,8:00am-5:00pm,8:00am-5:00pm,7:00am-4:00pm,7:00am-4:00pm,8:00am-3:00pm,Closed
mi_070,Thomas Dentistry,Medical / Health Services,Dental,"Local dental practice providing comprehensive cleanings, fillings, and procedures.",Local dental practice providing comprehensive cleanings,"medical,healthcare,dental",Highly skilled team with a patient-centered culture; praised for clear communication and efficient care.,"Professional, efficient, skilled, patient-centered",4.9,200,2955 80th Ave Southeast,Mercer Island,Washington,98040,47.5839717,-122.232158,,,,,,,,,Closed,7:00am-3:00pm,7:00am-3:00pm,7:00am-3:00pm,7:00am-3:00pm,7:00am-3:00pm,Closed
mi_071,MI Dermatology Clinic,Medical / Health Services,Dermatology,"Medical office specializing in skincare, acne treatment, and dermatology.","Medical office specializing in skincare, acne treatment, and dermatology.","medical,healthcare,dermatology,skincare","Led by Dr. Brenda Newman; patients appreciate her strong bedside manner and informative, approachable style.","Bedside manner, informative, approachable, humorous",4.6,200,2835 82nd Ave Southeast,Mercer Island,Washington,98040,47.5848664,-122.2301858,,,,,,,,,Closed,9:00am-5:00pm,9:00am-5:00pm,9:00am-5:00pm,9:00am-5:00pm,9:00am-4:00pm,Closed
mi_072,Swedish Health Services (MI),Medical / Health Services,Healthcare,Outpatient clinic providing primary care and specialized medical services.,Outpatient clinic providing primary care and specialized medical services.,"medical,healthcare,primary-care","A large, reliable primary care hub; ratings reflect high patient satisfaction with nurse communication and safety.","Reliable, professional, safe, systematic",4.4,100,3236 78th Ave Southeast,Mercer Island,Washington,98040,47.5807544,-122.233237,,,,,,,,,Closed,8:00am-5:00pm,8:00am-5:00pm,8:00am-5:00pm,8:00am-5:00pm,8:00am-5:00pm,Closed
mi_073,Mercer Island Pediatrics,Medical / Health Services,Pediatrics,"Dedicated pediatric clinic providing healthcare for infants, children, and teens.",Dedicated pediatric clinic providing healthcare for infants,"medical,healthcare,pediatrics,children","Highly regarded for its 'top doctors' and supportive team; noted as a busy, high-quality clinic for families.","Top doctors, professional, family-focused, team-oriented",4,50,9675 Southeast 36th Street,Mercer Island,Washington,98040,47.5773048,-122.2096225,,,,,,,,,Closed,8:00am-5:00pm,8:00am-5:00pm,8:00am-5:00pm,8:00am-5:00pm,8:00am-5:00pm,9:00am-12:00pm
mi_074,Mercer Island Orthodontics,Medical / Health Services,Orthodontics,Orthodontic practice specializing in braces and clear aligners.,Orthodontic practice specializing in braces and clear aligners.,"medical,healthcare,orthodontics,braces","Run by the 'Chorak Squad'; known for being incredibly personable, helpful, and informative for both kids and parents.","Personable, informative, professional, friendly",4.7,50,3022 78th Ave Southeast,Mercer Island,Washington,98040,47.5831606,-122.2328987,,,,,,,,,Closed,7:30am-5:30pm,7:30am-5:30pm,7:30am-5:30pm,7:30am-5:30pm,7:30am-5:00pm,Closed
mi_075,Island Wellness,Medical / Health Services,Physical Therapy,Rehabilitation clinic focusing on physical therapy and injury recovery.,Rehabilitation clinic focusing on physical therapy and injury recovery.,"medical,healthcare,physical-therapy,rehabilitation","A multidisciplinary health center praised for its personalized acupuncture, chiropractic, and massage services.","Personalized, multidisciplinary, quality, specialized",4.5,25,7605 Southeast 27th Street,Mercer Island,Washington,98040,47.5865818,-122.2373635,,,,,,,,,Closed,9:00am-6:00pm,9:00am-6:00pm,9:00am-6:00pm,9:00am-6:00pm,9:00am-6:00pm,9:00am-6:00pm
mi_076,Mercer Island Eyeworks,Medical / Health Services,Optometry,Vision center providing comprehensive eye exams and prescription services.,Vision center providing comprehensive eye exams and prescription services.,"medical,healthcare,optometry",Highly rated for accessible and efficient service; customers frequently praise the friendly staff and lack of high-pressure sales.,"Accessible, friendly, no-nonsense, expert",4.8,500,7800 Southeast 27th Street,Mercer Island,Washington,98040,47.5868025,-122.2331625,,,,,,,,,Closed,9:30am-7:00pm,9:30am-7:00pm,9:30am-5:30pm,10:00am-6:00pm,9:00am-5:30pm,9:00am-3:00pm
mi_077,Mercer Island Chiropractic,Medical / Health Services,Chiropractic,Health office focusing on spinal alignment and musculoskeletal wellness.,Health office focusing on spinal alignment and musculoskeletal wellness.,"medical,healthcare,chiropractic","Renowned for a personalized, whole-body wellness approach; patients appreciate the welcoming environment and advanced techniques.","Personalized, welcoming, holistic, professional",4.9,200,2825 80th Ave Southeast,Mercer Island,Washington,98040,47.5847097,-122.2321874,,,,,,,,,Closed,8:30am-6:30pm,8:30am-3:00pm,11:00am-6:30pm,8:30am-6:30pm,Closed,By Appt
mi_078,Island Crest Foot & Ankle,Medical / Health Services,Podiatry,Specialized medical practice for podiatry and lower limb care.,Specialized medical practice for podiatry and lower limb care.,"medical,healthcare,podiatry",Specialized podiatry clinic known for detailed patient education and effective treatment plans for sports-related foot injuries.,"Specialized, thorough, patient education, sports medicine",4.7,50,8015 Southeast 28th Street,Mercer Island,Washington,98040,47.5846646,-122.23112,,,,,,,,,Closed,8:30am-5:00pm,8:30am-5:00pm,8:30am-5:00pm,8:30am-5:00pm,8:30am-5:00pm,Closed
mi_079,U.S. Bank,Banks / Financial Services,Bank,"National bank offering checking, savings, and investment services.","National bank offering checking, savings, and investment services.","finance,bank,banking","Central location with a long history on the Island; however, customers often cite frustrations with corporate service speed and unhelpful phone support.","Central, corporate, variable service, traditional",2.1,25,2737 78th Avenue Southeast,Mercer Island,Washington,98040,47.5857019,-122.2340827,,,,,,,,,,,,,,,
mi_080,Chase Bank,Banks / Financial Services,Bank,Financial institution providing personal and business banking and mortgages.,Financial institution providing personal and business banking and mortgages.,"finance,bank,mortgages,banking",Popular for its robust mobile app and extensive ATM network; local staff are often noted for being helpful despite busy peak hours.,"Convenient, mobile-first, professional, busy",3.8,25,7900 Southeast 28th Street,Mercer Island,Washington,98040,47.5857564,-122.2320963,,,,,,,,,,,,,,,
mi_081,Wells Fargo,Banks / Financial Services,Bank,"Bank offering a range of retail, mortgage, and investment products.","Bank offering a range of retail, mortgage, and investment products.","finance,bank,banking",Full-service branch with high loan amounts available; reviews are mixed between long-term customer loyalty and frustration with phone wait times.,"Full-service, loans, established, mixed reviews",3.5,100,3001 78th Avenue Southeast,Mercer Island,Washington,98040,47.5837404,-122.2343634,,,,,,,,,Closed,9:00am-5:00pm,9:00am-5:00pm,9:00am-5:00pm,9:00am-5:00pm,9:00am-5:00pm,Closed
mi_082,Bank of America,Banks / Financial Services,Bank,"National bank providing banking, credit cards, and wealth management.","National bank providing banking, credit cards, and wealth management.","finance,bank,banking",Noted for a strong digital platform and inclusive local work environment; sentiment is split regarding fraud protection efficiency and fee structures.,"Digital, central, inclusive, corporate",3.2,50,2830 80th Avenue Southeast,Mercer Island,Washington,98040,47.5841465,-122.2314152,,,,,,,,,Closed,9:00am-5:00pm,9:00am-5:00pm,9:00am-5:00pm,9:00am-5:00pm,9:00am-5:00pm,Closed
mi_083,Umpqua Bank,Banks / Financial Services,Bank,"Regional bank providing personal banking, loans, and business solutions.","Regional bank providing personal banking, loans, and business solutions.","finance,bank,banking",Appreciated for its 'human' touch and community involvement; customers love the friendly tellers and proactive problem-solving.,"Community-focused, friendly, helpful, local feel",4.2,50,7803 Southeast 27th Street,Mercer Island,Washington,98040,47.5865657,-122.2334432,,,,,,,,,Closed,9:00am-5:00pm,9:00am-5:00pm,9:00am-5:00pm,9:00am-5:00pm,9:00am-5:00pm,Closed
mi_084,Banner Bank,Banks / Financial Services,Bank,Community-focused bank offering commercial and personal banking services.,Community-focused bank offering commercial and personal banking services.,"finance,bank,banking",Consistently earns five-star ratings for financial stability; local business owners praise their relationship-based lending approach.,"Stable, business-friendly, professional, relationship-based",4.5,50,2918 78th Avenue Southeast,Mercer Island,Washington,98040,47.5839651,-122.2333261,,,,,,,,,Closed,9:00am-5:00pm,9:00am-5:00pm,9:00am-5:00pm,9:00am-5:00pm,9:00am-5:00pm,Closed
mi_085,KeyBank,Banks / Financial Services,Bank,Full-service bank providing retail banking and financial advisory services.,Full-service bank providing retail banking and financial advisory services.,"finance,bank,banking",One of the few branches with Saturday hours; reviews highlight helpful in-person service but some frustrations with automated security holds.,"Saturday hours, helpful staff, accessible, central",3.1,100,2731 77th Avenue Southeast,Mercer Island,Washington,98040,47.5861049,-122.2355617,,,,,,,,,Closed,9:00am-5:00pm,9:00am-5:00pm,9:00am-5:00pm,9:00am-5:00pm,9:00am-6:00pm,10:00am-1:30pm
mi_086,Edward Jones,Banks / Financial Services,Financial Advisory,Financial advisory firm specializing in investment planning and retirement.,Financial advisory firm specializing in investment planning and retirement.,"finance,financial-advisory,retirement","Known for a highly personalized, face-to-face approach to financial planning; multiple advisors on the Island receive high marks for accessibility.","Personalized, accessible, face-to-face, planning",4.8,50,Southeast 27th Street,Mercer Island,Washington,98040,47.5868805,-122.2355018,,,,,,,,,Closed,8:00am-5:00pm,8:00am-5:00pm,8:00am-5:00pm,8:00am-5:00pm,8:00am-5:00pm,Closed
mi_087,Heritage Wealth Advisors,Banks / Financial Services,Wealth Management,Professional financial group offering estate and investment planning.,Professional financial group offering estate and investment planning.,"finance,wealth-management",Top-tier private wealth management team; recognized for expertise in serving high-net-worth families with complex financial needs.,"Expert, private wealth, high-net-worth, reputable",4.9,10,2630 77th Ave Southeast,Mercer Island,Washington,98040,47.5868527,-122.2348469,,,,,,,,,Closed,8:00am-5:00pm,8:00am-5:00pm,8:00am-5:00pm,8:00am-5:00pm,8:00am-5:00pm,Closed
mi_088,Windermere Mercer Island,Professional Services,Real Estate,Real estate agency specializing in residential sales and property management.,Real estate agency specializing in residential sales and property management.,"professional-services,real-estate,property-management",Deeply rooted in the community with a reputation for neighborly support and high-quality local real estate expertise.,"Neighborly, expert, rooted, professional",4.7,15,2737 77th Ave Southeast,Mercer Island,Washington,98040,47.5857274,-122.2356743,,,,,,,,,10:00am-4:00pm,8:30am-5:00pm,8:30am-5:00pm,8:30am-5:00pm,8:30am-5:00pm,8:30am-5:00pm,10:00am-4:00pm
mi_089,John L. Scott Mercer Island,Professional Services,Real Estate,Full-service real estate brokerage serving buyers and sellers.,Full-service real estate brokerage serving buyers and sellers.,"professional-services,real-estate",Strong focus on local market data and community safety; highly rated for being transparent and headed in the right direction.,"Transparent, data-driven, community-focused, reliable",4.6,25,7853 Southeast 27th Street,Mercer Island,Washington,98040,47.5864089,-122.2326856,,,,,,,,,9:00am-5:00pm,8:30am-5:30pm,8:30am-5:30pm,8:30am-5:30pm,8:30am-5:30pm,8:30am-5:30pm,9:00am-5:00pm
mi_090,Coldwell Banker Bain,Professional Services,Bank,Real estate firm providing residential and commercial property services.,Real estate firm providing residential and commercial property services.,"professional-services,bank,banking,real-estate",Long-standing office specializing in high-end waterfront and new construction properties on the Island.,"Waterfront experts, experienced, professional, established",4.5,100,128 78th Ave Southeast,Mercer Island,Washington,98040,47.5856154,-122.2335131,,,,,,,,,10:00am-3:00pm,9:00am-5:00pm,9:00am-5:00pm,9:00am-5:00pm,9:00am-5:00pm,9:00am-5:00pm,10:00am-3:00pm
mi_091,Six Walls Interior Design,Professional Services,Professional Services,Professional design firm offering residential and commercial interior services.,Professional design firm offering residential and commercial interior services.,"professional-services,interior-design",Highly professional team known for a detail-oriented and collaborative approach to high-end residential remodels.,"Detail-oriented, professional, modern luxury, collaborative",4.6,25,7650 Southeast 27th Street,Mercer Island,Washington,98040,47.5871037,-122.2353814,https://six-walls.com/,,,,,,,,Closed,9:00am-5:00pm,9:00am-5:00pm,9:00am-5:00pm,9:00am-5:00pm,9:00am-5:00pm,By Appt
mi_092,Brandt Law Group,Professional Services,Law Firm,Business and construction law firm physically located in the Town Center (Suite 315).,Business and construction law firm physically located in the Town Center (Suite 315).,"professional-services,law-firm,legal",Specializes in real estate and construction defect law; praised for aggressive representation and a focus on client education.,"Expert, real estate law, construction defect, client-focused",3.4,25,7525 Southeast 24th Street,Mercer Island,Washington,98040,47.5886791,-122.2388268,,,,,,,,,Closed,9:00am-5:00pm,9:00am-5:00pm,9:00am-5:00pm,9:00am-5:00pm,9:00am-5:00pm,Closed
mi_093,Kristof Law Offices,Professional Services,Law Firm,Local legal practice specializing in insurance subrogation (Suite 360).,Local legal practice specializing in insurance subrogation (Suite 360).,"professional-services,law-firm,legal",Respected firm focusing on insurance subrogation and complex litigation; noted for meticulous preparation and ethical standards.,"Meticulous, ethical, subrogation expert, diligent",4.7,5,7525 Southeast 24th Street,Mercer Island,Washington,98040,47.5886791,-122.2388268,,,,,,,,,Closed,9:00am-5:00pm,9:00am-5:00pm,9:00am-5:00pm,9:00am-5:00pm,9:00am-5:00pm,Closed
mi_094,Mercer Law PLLC,Professional Services,Real Estate,"Neighborhood law firm focusing on business, real estate, and estate planning.","Neighborhood law firm focusing on business, real estate, and estate planning.","professional-services,real-estate,estate-planning,legal",Top-rated legal service with a strong emphasis on results and clear communication; known for being approachable and thorough.,"Top-rated, communication, results-driven, approachable",5,10,9311 Southeast 36th Street,Mercer Island,Washington,98040,47.5776407,-122.2129696,,,,,,,,,,,,,,,
mi_095,All-Pro Risk Management Inc.,Professional Services,Insurance,"Independent agency offering home, auto, and business insurance policies.","Independent agency offering home, auto, and business insurance policies.","professional-services,insurance",Boutique insurance agency praised for providing high-level professional service and genuine care for client needs.,"Professional service, helpful, insurance expert, caring",3.4,15,3047 78th Ave Southeast,Mercer Island,Washington,98040,47.5822498,-122.2348148,,,,,,,,,Closed,9:00am-5:00pm,9:00am-5:00pm,9:00am-5:00pm,9:00am-5:00pm,9:00am-5:00pm,Closed
mi_096,Island Corporate Center,Professional Services,Spa,Managed office space provider hosting local professionals and remote workers.,Managed office space provider hosting local professionals and remote workers.,"professional-services,spa","Modern professional office hub; frequently cited for its convenient location and high-quality, welcoming facility management.","Professional hub, convenient, modern, welcoming",4.4,25,7525 Southeast 24th Street,Mercer Island,Washington,98040,47.5887073,-122.2386608,,,,,,,,,,,,,,,
mi_097,The UPS Store,Local Services,Shipping,"Shipping and business services, including mailboxes, packaging, and printing.","Shipping and business services, including mailboxes, packaging, and printing.","services,shipping,printing",High-volume shipping center; reviews highlight efficient service during busy times but occasionally note firm franchise-specific policies.,"Shipping hub, efficient, central, reliable",3.5,225,7683 Southeast 27th Street,Mercer Island,Washington,98040,47.5864429,-122.2355163,,,,,,,,,10:00am-4:00pm,7:30am-5:30pm,7:30am-5:30pm,7:30am-5:30pm,7:30am-5:30pm,7:30am-5:30pm,9:00am-5:00pm
mi_098,Postal Service (USPS Mercer Island),Local Services,Shipping,Local post office providing mail services and shipping.,Local post office providing mail services and shipping.,"services,shipping","Central post office location; while convenient for PO boxes, users often report variable wait times and high-traffic periods.","PO boxes, central, high-traffic, government service",2.5,100,3040 78th Ave Southeast,Mercer Island,Washington,98040,47.5823999,-122.2333476,,,,,,,,,Closed,8:30am-5:30pm,8:30am-5:30pm,8:30am-5:30pm,8:30am-5:30pm,8:30am-5:30pm,10:00am-2:00pm
mi_099,Village Cleaners,Local Services,Dry Cleaning,Dry cleaning and laundry service offering clothing care and alterations.,Dry cleaning and laundry service offering clothing care and alterations.,"services,dry-cleaning,laundry",Reliable local dry cleaner; customers appreciate the clean facility and the convenience of professional garment care.,"Clean, professional, dry cleaning, reliable",4.5,10,8415 Southeast 68th Street,Mercer Island,Washington,98040,47.5417512,-122.2258005,,,,,,,,,Closed,8:00am-6:30pm,8:00am-6:30pm,8:00am-6:30pm,8:00am-6:30pm,8:00am-6:30pm,9:00am-5:00pm
mi_100,Puppy Bubbles,Local Services,Pet Supplies,"Dog grooming and pet care services, including baths and haircuts.","Dog grooming and pet care services, including baths and haircuts.","services,pet-supplies,pet,haircuts,pets",Beloved dog grooming spot; owners praise the staff for clearly loving dogs and providing consistently 'tidy' results.,"Dog grooming, tidy results, pet lovers, friendly",4.5,75,7513 Southeast 27th Street,Mercer Island,Washington,98040,47.5864885,-122.2381752,,,,,,,,,Closed,8:00am-5:00pm,8:00am-5:00pm,8:00am-5:00pm,8:00am-5:00pm,8:00am-5:00pm,8:00am-4:00pm
mi_101,AC Electric LLC,Local Services,Electrical,Electrical services company providing residential and commercial work.,Electrical services company providing residential and commercial work.,"services,electrical",Highly rated local electricians; praised for being trusted experts who handle everything from small repairs to large remodels.,"Trusted expert, electrical repair, local, professional",5,5,2227 72nd Ave Southeast,Mercer Island,Washington,98040,47.5907256,-122.2435239,,,,,,,,,Closed,9:00am-5:00pm,9:00am-5:00pm,9:00am-5:00pm,9:00am-5:00pm,9:00am-5:00pm,Closed
mi_102,Old World Handyman,Local Services,Plumbing,Plumbing service offering repair and installation for homes and businesses.,Plumbing service offering repair and installation for homes and businesses.,"services,plumbing",Known for high-quality craftsmanship and punctuality; a go-to resource for homeowners needing detailed home repairs.,"Master craftsman, punctual, quality repair, detailed",5,50,7704 Southeast 34th Street,Mercer Island,Washington,98040,47.5801388,-122.2356422,,,,,,,,,Closed,8:00am-5:00pm,8:00am-5:00pm,8:00am-5:00pm,8:00am-5:00pm,8:00am-5:00pm,Closed
mi_103,Mercer Island Heating & Air Conditioning,Local Services,HVAC,HVAC provider specializing in repair and maintenance of heating systems.,HVAC provider specializing in repair and maintenance of heating systems.,"services,hvac",Leading local HVAC contractor with decades of experience; known for a 100% satisfaction guarantee and technical expertise.,"HVAC expert, trusted, 24/7 emergency, reliable",4.7,15,9115 Fortuna Drive,Mercer Island,Washington,98040,47.5805486,-122.2148873,,,,,,,,,24/7,24/7,24/7,24/7,24/7,24/7,24/7
mi_104,Early World Montessori,Local Services,Childcare,Early childhood education and childcare facility.,Early childhood education and childcare facility.,"services,childcare,children",Highly regarded private preschool following the Montessori method; parents value the structured and self-sufficient environment.,"Montessori, private preschool, self-sufficient, structured",5,5,3027 80th Ave Southeast,Mercer Island,Washington,98040,47.582821,-122.2320333,https://www.earlyworldmontessori.com/,,,,,,,,Closed,7:00am-6:00pm,7:00am-6:00pm,7:00am-6:00pm,7:00am-6:00pm,7:00am-6:00pm,Closed
mi_105,Country Village Day School,Local Services,Preschool,Private preschool and early education center.,Private preschool and early education center.,"services,preschool","Long-standing neighborhood preschool; while praised for its community feel, some reviews highlight challenges with high turnover.","Community feel, neighborhood school, preschool, long-standing",4.2,10,Southeast 36th Street,Mercer Island,Washington,98040,47.5775598,-122.212189,,,,,,,,,Closed,6:30am-6:00pm,6:30am-6:00pm,6:30am-6:00pm,6:30am-6:00pm,6:30am-6:00pm,Closed
mi_106,Youth Theatre Northwest,Arts / Education / Community,Theater,Nonprofit youth theater offering training and stage productions.,Nonprofit youth theater offering training and stage productions.,"community,theater",A cherished community asset for youth arts; praised for its high-quality productions and for building confidence in young performers.,"Skill-building, creative, confidence, engaging",4.9,50,4400 86th Ave Southeast,Mercer Island,Washington,98040,47.5663385,-122.2239318,https://youththeatre.org/,,,,,,,,Closed,12:00pm-6:00pm,12:00pm-6:00pm,12:00pm-6:00pm,12:00pm-6:00pm,12:00pm-6:00pm,Closed
mi_107,Children's Dance Conservatory,Arts / Education / Community,Dance,Ballet school providing classical and contemporary dance instruction.,Ballet school providing classical and contemporary dance instruction.,"community,dance",Award-winning studio recognized as a local leader in dance education; known for a verified 95%+ quality and satisfaction score.,"Elite, satisfaction, professional excellence, award-winning",3.4,5,8635 Southeast 68th Street,Mercer Island,Washington,98040,47.5416967,-122.2223549,,,,,,,,,Closed,3:00pm-8:00pm,3:00pm-8:00pm,3:00pm-8:00pm,3:00pm-8:00pm,3:00pm-7:00pm,9:00am-2:00pm
mi_108,Mercer Island Library,Arts / Education / Community,Library,"Public library branch offering books, media, and community programs.","Public library branch offering books, media, and community programs.","community,library,books",Highly valued for its peaceful environment and helpful staff; consistently recognized as a 'Five Star Library' for its quality services.,"Five Star, systematic, community-focused, quiet",4.6,100,4400 88th Avenue Southeast,Mercer Island,Washington,98040,47.5669915,-122.221171,,,,,,,,,11:00am-6:00pm,10:00am-6:00pm,12:00pm-8:00pm,12:00pm-8:00pm,10:00am-6:00pm,10:00am-6:00pm,11:00am-6:00pm
mi_109,Mercer Island Community Center,Arts / Education / Community,Spa,Community hub offering recreational activities and event spaces.,Community hub offering recreational activities and event spaces.,"community,spa,event-spaces",Versatile venue with stunning views of Lake Washington; praised for its modern amenities and for being a highly customizable event space.,"Stunning views, customizable, upscale amenities, professional staff",4.6,350,8236 Southeast 24th Street,Mercer Island,Washington,98040,47.5898601,-122.2273463,,,,,,,,,Closed,10:00am-7:00pm,10:00am-7:00pm,10:00am-7:00pm,10:00am-7:00pm,10:00am-5:00pm,10:00am-5:00pm
mi_110,Stroum Jewish Community Center,Arts / Education / Community,Community Center,"Community center offering fitness, education, and cultural programs.","Community center offering fitness, education, and cultural programs.","community,community-center","Comprehensive fitness and culture hub; highly regarded for its supportive environment, newly remodeled auditorium, and inclusive community focus.","Inclusive, supportive, state-of-the-art, diverse programming",4.4,50,3801 East Mercer Way,Mercer Island,Washington,98040,47.5755543,-122.2082835,https://sjcc.org/,,,,,,,,7:00am-6:00pm,6:00am-9:00pm,6:00am-9:00pm,6:00am-9:00pm,6:00am-9:00pm,6:00am-6:00pm,8:00am-6:00pm
mi_111,Boys & Girls Club of Mercer Island,Arts / Education / Community,Community,Youth organization providing after-school programs and sports.,Youth organization providing after-school programs and sports.,"community,after-school","Reliable after-school and summer resource; known for providing a safe, inclusive environment where kids can develop new skills and confidence.","Inclusive, supportive, safe, skill-building",4.7,25,4120 86th Ave Southeast,Mercer Island,Washington,98040,47.5726441,-122.2238162,https://positiveplace.org/clubs/mercer-island/,,,,,,,,Closed,7:00am-6:00pm,7:00am-6:00pm,7:00am-6:00pm,7:00am-6:00pm,7:00am-6:00pm,Closed
mi_112,Mercer Island Thrift Shop,Arts / Education / Community,Thrift,Community store selling donated clothing and household items.,Community store selling donated clothing and household items.,"community,thrift","A beloved local institution; praised for its high-quality donated goods, organized layout, and for being a significant community supporter.","Organized, high-quality, community support, institution",3.9,250,7710 Southeast 34th Street,Mercer Island,Washington,98040,47.5801652,-122.2345379,https://www.mercerislandthrift.org/,,,,,,,,10:00am-5:00pm,10:00am-5:00pm,10:00am-5:00pm,10:00am-5:00pm,10:00am-5:00pm,10:00am-5:00pm,10:00am-5:00pm
mi_113,Mercer Island Farmers Market,Arts / Education / Community,Farmers Market,Seasonal outdoor market featuring local produce and artisanal goods.,Seasonal outdoor market featuring local produce and artisanal goods.,"community,farmers-market,seasonal","A seasonal summer tradition; lauded for its high-quality local produce, live music, and family-friendly atmosphere at Mercerdale Park.","Summer tradition, live music, local produce, family-friendly",4.6,150,7700 SE 32nd St,Mercer Island,Washington,98040,47.5819338,-122.2350073,https://www.mifarmersmarket.org/,,,,,,true,seasonal,10:00am-3:00pm,Closed,Closed,Closed,Closed,Closed,Closed
mi_114,,,,,,,,,,,,,,,,,,,,,,,,,,,,,,,
mi_115,,,,,,,,,,,,,,,,,,,,,,,,,,,,,,,
mi_116,,,,,,,,,,,,,,,,,,,,,,,,,,,,,,,
mi_117,,,,,,,,,,,,,,,,,,,,,,,,,,,,,,,
mi_118,,,,,,,,,,,,,,,,,,,,,,,,,,,,,,,
mi_119,,,,,,,,,,,,,,,,,,,,,,,,,,,,,,,
mi_120,,,,,,,,,,,,,,,,,,,,,,,,,,,,,,,
mi_121,,,,,,,,,,,,,,,,,,,,,,,,,,,,,,,
mi_122,,,,,,,,,,,,,,,,,,,,,,,,,,,,,,,
mi_123,,,,,,,,,,,,,,,,,,,,,,,,,,,,,,,
mi_124,,,,,,,,,,,,,,,,,,,,,,,,,,,,,,,
mi_125,,,,,,,,,,,,,,,,,,,,,,,,,,,,,,,
mi_126,,,,,,,,,,,,,,,,,,,,,,,,,,,,,,,
mi_127,,,,,,,,,,,,,,,,,,,,,,,,,,,,,,,
mi_128,,,,,,,,,,,,,,,,,,,,,,,,,,,,,,,
